{
  "A (official MXFP4)": {
    "prefill_in1024_c1": {
      "ttft_p50_s": 0.03770873136818409,
      "ttft_p99_s": 0.040353111922740936,
      "e2e_p50_s": 0.03780070319771767,
      "out_tok_s": 19.1848922605232,
      "total_tok_s": 19664.514567036276,
      "fails": 0
    },
    "prefill_in1024_c8": {
      "ttft_p50_s": 1.0758077576756477,
      "ttft_p99_s": 1.136339858174324,
      "e2e_p50_s": 1.0758720636367798,
      "out_tok_s": 11.630172040793731,
      "total_tok_s": 11920.926341813574,
      "fails": 0
    },
    "prefill_in1024_c32": {
      "ttft_p50_s": 0.3971397429704666,
      "ttft_p99_s": 0.5219792481511831,
      "e2e_p50_s": 0.3972151782363653,
      "out_tok_s": 46.72460175562604,
      "total_tok_s": 47892.71679951669,
      "fails": 0
    },
    "prefill_in8192_c1": {
      "ttft_p50_s": 0.14667171984910965,
      "ttft_p99_s": 0.15775223821401596,
      "e2e_p50_s": 0.1467464119195938,
      "out_tok_s": 5.090407837586569,
      "total_tok_s": 41705.711413346755,
      "fails": 0
    },
    "prefill_in8192_c8": {
      "ttft_p50_s": 0.9018334932625294,
      "ttft_p99_s": 0.9067002981901169,
      "e2e_p50_s": 0.9019029848277569,
      "out_tok_s": 8.244617946135529,
      "total_tok_s": 67548.1548326884,
      "fails": 0
    },
    "prefill_in8192_c32": {
      "ttft_p50_s": 1.7147756423801184,
      "ttft_p99_s": 3.500823240727186,
      "e2e_p50_s": 1.7148516569286585,
      "out_tok_s": 8.231269680837777,
      "total_tok_s": 67438.7924951039,
      "fails": 0
    },
    "decode_in128_c1": {
      "ttft_p50_s": 0.022956224158406258,
      "ttft_p99_s": 0.027445372194051743,
      "e2e_p50_s": 0.8251601699739695,
      "out_tok_s": 304.60700987099,
      "total_tok_s": 457.22847619465927,
      "fails": 0
    },
    "decode_in128_c8": {
      "ttft_p50_s": 0.04306968301534653,
      "ttft_p99_s": 0.07377206347882748,
      "e2e_p50_s": 1.2721764761954546,
      "out_tok_s": 1478.8839727205632,
      "total_tok_s": 2220.7408577952806,
      "fails": 0
    },
    "decode_in128_c32": {
      "ttft_p50_s": 4.204815773293376,
      "ttft_p99_s": 4.222826685756445,
      "e2e_p50_s": 5.8775243777781725,
      "out_tok_s": 1254.4601002395327,
      "total_tok_s": 1890.1326767662952,
      "fails": 0
    },
    "decode_in128_c64": {
      "ttft_p50_s": 0.16399171203374863,
      "ttft_p99_s": 0.26341779343783855,
      "e2e_p50_s": 1.8280432857573032,
      "out_tok_s": 3674.3797726944654,
      "total_tok_s": 5519.497900999258,
      "fails": 0
    },
    "mixed_in1024_c1": {
      "ttft_p50_s": 0.036804161965847015,
      "ttft_p99_s": 0.03986939787864685,
      "e2e_p50_s": 0.7983664162456989,
      "out_tok_s": 313.67233921321866,
      "total_tok_s": 1568.6885231973392,
      "fails": 0
    },
    "mixed_in1024_c8": {
      "ttft_p50_s": 0.15747252851724625,
      "ttft_p99_s": 1.2065962012857199,
      "e2e_p50_s": 1.8610846363008022,
      "out_tok_s": 1055.2989160415636,
      "total_tok_s": 5298.039748497635,
      "fails": 0
    },
    "mixed_in1024_c32": {
      "ttft_p50_s": 0.35596388578414917,
      "ttft_p99_s": 0.4585007317364216,
      "e2e_p50_s": 2.1516670770943165,
      "out_tok_s": 3268.4799113805257,
      "total_tok_s": 16419.456057760322,
      "fails": 0
    },
    "mixed_in1024_c64": {
      "ttft_p50_s": 0.346683980897069,
      "ttft_p99_s": 0.44758546724915504,
      "e2e_p50_s": 2.105479821562767,
      "out_tok_s": 3310.5176170061186,
      "total_tok_s": 16672.638388840038,
      "fails": 0
    },
    "mixed_in8192_c1": {
      "ttft_p50_s": 0.15029094368219376,
      "ttft_p99_s": 0.15728484466671944,
      "e2e_p50_s": 0.921232670545578,
      "out_tok_s": 259.2995363538836,
      "total_tok_s": 8678.569460297658,
      "fails": 0
    },
    "mixed_in8192_c8": {
      "ttft_p50_s": 0.5529363639652729,
      "ttft_p99_s": 0.8833682555705309,
      "e2e_p50_s": 2.1302856151014566,
      "out_tok_s": 880.4812598259844,
      "total_tok_s": 29277.73512004041,
      "fails": 0
    },
    "mixed_in8192_c32": {
      "ttft_p50_s": 1.8206825032830238,
      "ttft_p99_s": 3.5319053903222084,
      "e2e_p50_s": 5.275011342018843,
      "out_tok_s": 1347.140465163984,
      "total_tok_s": 44658.65808927448,
      "fails": 0
    },
    "mixed_in8192_c64": {
      "ttft_p50_s": 1.8557717949151993,
      "ttft_p99_s": 3.2841336224228144,
      "e2e_p50_s": 5.355017935857177,
      "out_tok_s": 1324.292912152319,
      "total_tok_s": 44266.399534471086,
      "fails": 0
    }
  },
  "B (BF16)": {
    "prefill_in1024_c1": {
      "ttft_p50_s": 0.04386378638446331,
      "ttft_p99_s": 0.058556096628308296,
      "e2e_p50_s": 0.04393585026264191,
      "out_tok_s": 16.829840192965456,
      "total_tok_s": 17250.58619778959,
      "fails": 0
    },
    "prefill_in1024_c8": {
      "ttft_p50_s": 0.14494838193058968,
      "ttft_p99_s": 0.1872072722762823,
      "e2e_p50_s": 0.14502830617129803,
      "out_tok_s": 45.154400250014234,
      "total_tok_s": 46283.260256264584,
      "fails": 0
    },
    "prefill_in1024_c32": {
      "ttft_p50_s": 0.3734298497438431,
      "ttft_p99_s": 0.4933754038065672,
      "e2e_p50_s": 0.37350804172456264,
      "out_tok_s": 49.10846135055769,
      "total_tok_s": 50336.172884321626,
      "fails": 0
    },
    "prefill_in8192_c1": {
      "ttft_p50_s": 0.169513288885355,
      "ttft_p99_s": 0.17874068021774292,
      "e2e_p50_s": 0.1695875246077776,
      "out_tok_s": 4.603065290005117,
      "total_tok_s": 37712.913921011925,
      "fails": 0
    },
    "prefill_in8192_c8": {
      "ttft_p50_s": 1.0468481555581093,
      "ttft_p99_s": 1.0851965714246035,
      "e2e_p50_s": 1.046925252303481,
      "out_tok_s": 7.160663413511327,
      "total_tok_s": 58667.3153468983,
      "fails": 0
    },
    "prefill_in8192_c32": {
      "ttft_p50_s": 1.9982959385961294,
      "ttft_p99_s": 4.036161307245493,
      "e2e_p50_s": 1.998378338292241,
      "out_tok_s": 7.160794496520253,
      "total_tok_s": 58668.38930999043,
      "fails": 0
    },
    "decode_in128_c1": {
      "ttft_p50_s": 0.030806485563516617,
      "ttft_p99_s": 0.037624454125761986,
      "e2e_p50_s": 0.9553673416376114,
      "out_tok_s": 264.52840863074755,
      "total_tok_s": 396.82706572140535,
      "fails": 0
    },
    "decode_in128_c8": {
      "ttft_p50_s": 0.054846202954649925,
      "ttft_p99_s": 0.08527757972478867,
      "e2e_p50_s": 2.3065185360610485,
      "out_tok_s": 819.322149998928,
      "total_tok_s": 1229.0365732305836,
      "fails": 0
    },
    "decode_in128_c32": {
      "ttft_p50_s": 0.8911948725581169,
      "ttft_p99_s": 0.9058438930660486,
      "e2e_p50_s": 4.297854419797659,
      "out_tok_s": 1716.9300200550904,
      "total_tok_s": 2578.0861429667343,
      "fails": 0
    },
    "decode_in128_c64": {
      "ttft_p50_s": 0.1651512160897255,
      "ttft_p99_s": 0.3021535500884056,
      "e2e_p50_s": 3.5248528830707073,
      "out_tok_s": 1993.2887209584833,
      "total_tok_s": 2990.9723352025626,
      "fails": 0
    },
    "mixed_in1024_c1": {
      "ttft_p50_s": 0.0445406474173069,
      "ttft_p99_s": 0.051371606066823006,
      "e2e_p50_s": 0.9707675278186798,
      "out_tok_s": 256.4215127196109,
      "total_tok_s": 1288.9642929983431,
      "fails": 0
    },
    "mixed_in1024_c8": {
      "ttft_p50_s": 0.11086483858525753,
      "ttft_p99_s": 0.8664997573941946,
      "e2e_p50_s": 2.4642412047833204,
      "out_tok_s": 735.0018197837122,
      "total_tok_s": 3675.3919622183575,
      "fails": 0
    },
    "mixed_in1024_c32": {
      "ttft_p50_s": 0.4118275549262762,
      "ttft_p99_s": 0.5279005859047174,
      "e2e_p50_s": 3.936820074915886,
      "out_tok_s": 1850.8924820627158,
      "total_tok_s": 9266.048591734942,
      "fails": 0
    },
    "mixed_in1024_c64": {
      "ttft_p50_s": 0.4043184984475374,
      "ttft_p99_s": 0.5217217300087214,
      "e2e_p50_s": 3.8423629365861416,
      "out_tok_s": 1890.4437940902058,
      "total_tok_s": 9460.104033200101,